pair_id,loanword_example,native_example,loanword_wer,native_wer,wer_difference,loanword_transcript,native_transcript
es_000,estatus,categoría,0.68,0.44,0.24000000000000005,"Como usted sabe, a una parte importante de Gales se le ha dado el menor que el 1 mayor que está tus menor que por litro 1 mayor que de objetivo y dentro del programa. De los fondos estructurales.","Como usted sabe, a una parte importante de Gales se le ha dado la menor que N1 mayor que categoría menor que N1 mayor que de objetivo y dentro del programa de los fondos estructurales."
es_001,líder,dirigente,0.5476190476190477,0.47619047619047616,0.07142857142857151,"Dejenme recordarle también que cuando el menor que él e uno mayor que líder menor que por litro uno mayor que de su partido. El señor Hague, fue secretario de Estado Paragales violó todos los artículo","Dejenme recordarle también que cuando el menor que N1 mayor que dirigente menor que, N1 mayor que de su partido. El señor Hague, fue secretario de Estado Paragales violó todos los artículos del libro "
es_002,market failures,fallos de mercado,0.9333333333333333,0.9347826086956522,-0.0014492753623188692,"En este sentido, los que hablan francés seguro que le dirán a la UMNOR que él e uno mayor que cude chapea o menor que por litro, uno mayor que. Es decir, me quito el sombrero.","En este sentido, los que hablan francés seguro que le dirán a la UMNOR que N1 mayor que QdXP-N1 mayor que, es decir, me quito el sombrero."
es_003,dossier,expediente,1.0,1.0,0.0,"La mayoría de ellas traducen de hecho las diferencias políticas que existen entre nosotros respecto. A la oportunidad y a la eficacia de las ayudas estatales. Habida cuenta de las insuficiencias, reco",La mayoría de ellas traducen de hecho las diferencias políticas que existen entre nosotros respecto. A la oportunidad y a la eficacia de las ayudas estatales. Habida cuenta de las insuficiencias. Reco
es_004,monitoring of the implementation,seguimiento de la implementación,1.0,1.0,0.0,"Quiero agradecer personal y profundamente al señor Phon Woghau, el empeño con que ha examinado él. Menorque él e uno mayor que docier menor que por litro, uno mayor que relativo al libro blanco y la c","Quiero agradecer personal y profundamente al señor Phon Woghau, el empeño con que ha examinado él. Menor que N1 mayor que expediente menor que N1 mayor que relativo al libro blanco y la calidad de su "
es_005,comité,comisión,1.0,1.0,0.0,"Al respecto, quisiera dedicar algunas palabras a la idea. Que me parece excelente. Expuesta por lo ser. Reese Jorgonson y Hone. Es decir, la idea del menor que él e uno mayor que monitoring of the imp",al respecto quisiera dedicar algunas palabras a la idea que me parece excelente expuesta por lo ser Reese Jorgonson y Hon es decir la idea del menor que N1 mayor que seguimiento de la implementación m
es_006,dumping,competencia desleal,1.0,1.0,0.0,El menor que el 1 mayor que comité menor que por litro 1 mayor que de control que ya existe solo puede controlar la independencia del director de la oficina.,"La menor que N1 mayor que comisión menor que, N1 mayor que de control que ya existe solo puede controlar la independencia del director de la oficina."
es_007,copyright,derechos de autor,1.0,1.0,0.0,"A mi juicio, la ayuda estatal y legal equivale a poco más que un menor que él e uno mayor que dumping menor que por litro uno mayor que social patrocinado por él. Estado.","A mi juicio, la ayuda estatal y legal equivale a poco más que una menor que N1 mayor que competencia desleal menor que N1 mayor que social patrocinada. Por el Estado."
es_008,ex post,retorno de la inversión,1.0,0.9655172413793104,0.03448275862068961,Tampoco es admisible que una institución pública posea el menor que él e uno mayor que copyright menor que por litro uno mayor que de documentos públicos.,Tampoco es admisible que una institución pública posea los menor que N1 mayor que derechos de autor menor que N1 mayor que de documentos. Públicos.
es_009,récord,mejor marca,1.0,1.0,0.0,"falta de responsabilidad, demasiado menor que el 1 mayor que ex ante menor que el 1 mayor que muy poca menor que el 2 mayor que ex post menor que por litro 2 mayor que idea y surge una cultura basada ","falta de responsabilidad, demasiado menor que N1 mayor que previsión de resultados menor que, N1 mayor que, muy poco menor que N2 mayor que retorno de la inversión menor que, N2 mayor que y de AIS sur"
es_010,big bang,gran explosión,1.0,1.0,0.0,"No se sivate el menor que l1 mayor que récord menor que por litro, 1 mayor que de todas las resoluciones presentadas aquí pero. Desde luego, de este tipo de resoluciones sin lugar a dudas.","No se sivate la menor que N1 mayor que mejor marca menor que, N1 mayor que de todas las resoluciones presentadas aquí pero. Desde luego, de este tipo de resoluciones sin lugar a dudas."
es_011,stock,existencias,0.9824561403508771,0.9649122807017544,0.01754385964912275,También puedo asegurar específicamente a la asamblea que no buscamos lo que algunas veces se. Denomina una aproximación de menor que L1 mayor que Big Bang menor que por litro 1 mayor que.,También puedo asegurar específicamente a la asamblea que no buscamos lo que algunas veces se. Denomina una aproximación de menor que N1 mayor que gran explosión menor que N1 mayor que.
es_012,feed back,retroalimentación,1.0,1.0,0.0,"Asunto, propuesta de reglamento en el que se fijan los totales admisibles de capturas de determinadas. Poblaciones de peces para el año 2000, caso concreto de la ANCHOA, según los últimos informes del","Asunto, propuesta de reglamento en el que se fijan los totales admisibles de capturas de determinadas. Poblaciones de peces para el año 2000, caso concreto del anchoa, según los últimos informes del C"
es_013,financial stability,estabilidad financiera,1.0,1.0,0.0,"Si mediante instrumentos similares al impuesto towin dificultá hacemos el funcionamiento de este. Mecanismo, menor que l1 mayor que feedback menor que por litro 1 mayor que, de interconexión. El cual ","Si mediante instrumentos similares al impuesto towin dificultá hacemos el funcionamiento de este. Mecanismo, menor que N1 mayor que retroalimentación menor que, N1 mayor que, de interconexión, el cual"
es_014,screening,cribado,1.0,1.0,0.0,"Si incluimos también el sector privado, constataremos que esta famosa menor que el 1 mayor que financial stability menor que por litro 1 mayor que no solo no sea logrado. Sino que además, muy probable","Si incluimos también el sector privado, constataremos que esta famosa menor que N1 mayor que esta habilidad financiera menor que N1 mayor que no solo no sea logrado. Sino que además, muy probablemente"
es_015,hot spots,puntos calientes,1.0,1.0,0.0,No tiene ningún sentido para cualquier trabajador del ámbito Schengen. Pues ya ha sufrido un menor que el 1 mayor que screening menor que por litro 1 mayor que para entrar en el primer estado miembro.,No tiene ningún sentido para cualquier trabajador del ámbito Schengen. Pues ya ha sufrido un menor que N1 mayor que cribado menor que N1 mayor que para entrar en el primer estado miembro. Y el segundo
es_016,estándar,norma,1.0,1.0,0.0,para lograr que el 50% o más de la combinación energética proceda de las fuentes de energías. Renovables. No podemos contentarnos con ciertos menor que L1 mayor que hotspots menor que por litro uno ma,"para lograr que el 50% o más de la combinación energética proceda de las fuentes de energías. Renovables, no podemos contentarnos con ciertos menor que N1 mayor que puntos calientes menor que, N1 mayo"
es_017,hobby,afición,1.0,1.0,0.0,"Por ello, me gustaría recomendar a los miembros de este Parlamento que a pesar de su afiliación política. Boten en contra de las enmiendas presentadas a la posición común que debilitarán él. Menor que","Por ello, me gustaría recomendar a los miembros de este Parlamento que, a pesar de su afiliación política, voten en contra de las enmiendas presentadas a la posición común que debilitarán la menor que"
es_018,best practice,buenas prácticas,1.0,1.0,0.0,"Permítanme comentar, escuchen bien lo que les voy a decir. Puesto que esto se ha repetido en el debate, el asunto de los coches antiguos y de menor que el 1 mayor que jovi menor que por litro 1 mayor ","Permítanme comentar, escuchen bien lo que les voy a decir. Puesto que esto se ha repetido en el debate, el asunto de los coches antiguos y de. Menorque N1 mayor que a fision menor que, N1 mayor que al"
es_019,bottom-up,abajo arriba,0.9534883720930233,0.9090909090909091,0.044397463002114224,"Esta resolución común, PPED, EPS, EGRA, plau de la iniciativa de los 14 estados miembros para. Precionara Austria organizando una especie de menor que L1 mayor que boicot menor que por litro 1 mayor q",Esta resolución como un PPE de EPS se graplau de la iniciativa de los 14 estados miembros para. Presionar a Austria organizando una especie de menor que N1 mayor que boicot menor que N1 mayor que dipl
es_020,timing,calendario,1.0,1.0,0.0,Se pone también un énfasis especial en la difusión de los resultados y en el aprendizaje mutuo. Mediante la menor que l1 mayor que best practice menor que por litro 1 mayor que y el menor que l2 mayor,Se pone también un énfasis especial en la difusión de los resultados y en el aprendizaje mutuo. Mediante menor que N1 mayor que buenas prácticas menor que N1 mayor que y la menor que N2 mayor que tran
es_021,baby,pequeña,0.9701492537313433,0.9701492537313433,0.0,"Puesto que el programa leader es algo así como un taller con un concepto de menor que el 1 mayor que bottom up menor que por litro 1 mayor que. En los pasados años han ha sido mediante leader E, y lea","Puesto que el programa leader es algo así como un taller con un concepto de menor que N1 mayor que abajo arriba menor que N1 mayor que. En los pasados años han ha sido mediante leader E, y leader dos "
es_022,lifting,levantamiento de medidas,1.0,1.0,0.0,"Sin embargo, he llegado a la conclusión de que el menor que l1 mayor que timin menor que por litro 1 mayor que ha sido, de hecho, muy acertado.","Sin embargo, he llegado a la conclusión de que el menor que N1 mayor que calendario menor que, N1 mayor que ha sido. De hecho, muy acertado."
es_023,new look,nueva imagen,1.0,1.0,0.0,"La cuestión tiene mucha importancia y yo quisiera saber, porque puede hablarse de menor que él e uno mayor que Baby menor que por litro, uno mayor que estafa. Si el señor comisario velará porque estos","La cuestión tiene mucha importancia y yo quisiera saber, porque puede hablarse de menor que N1 mayor que pequeña menor que N1 mayor que estafa. Si el señor comisario velará porque estos fondos no se s"
es_024,hooligans,fanáticos violentos,0.8809523809523809,0.9069767441860465,-0.026024363233665526,"Las propuestas de la Comisión que discutimos permiten el menor que el 1 mayor, que lifting menor, que por litro 1 mayor que que necesita esta. Directiva.",Las propuestas de la Comisión que discutimos permiten el menor que N1 mayor que levantamiento de medidas menor que N1 mayor que Q. Necesita esta directiva.
es_025,tour operators,agencias de viajes,0.9636363636363636,0.9464285714285714,0.017207792207792227,"Para concluir, señor presidente, permítame recordar a los colegas que la directiva necesita un menor que él e uno mayor que no lug menor que por litro uno mayor que haga aún más. Atractivos los O y CW","Para concluir, señor presidente, permítame recordar a los colegas que la directiva necesita una menor que N1 mayor que nueva imagen menor que N1 mayor que que haga aún. Más atractivos los OICVM, pero "
es_026,show,espectáculo,1.0,1.0,0.0,"Todos estos hechos, que desgraciadamente se han sumado en el tiempo y en el lugar. Hacen que los desalmados, intolerantes, racistas y menor que él e uno mayor que Juligan's menor que por litro, uno ma","Todos estos hechos, que desgraciadamente se han sumado en el tiempo y en el lugar. Hacen que los desalmados, intolerantes, racistas y menor que N1 mayor que fanáticos violentos menor que N1 mayor que "
es_027,core business,negocio principal,0.8904109589041096,0.9041095890410958,-0.013698630136986245,"Señor Presidente, Señor Comisario, ya que hablamos de empleo. Quiero recordar el también muy serio asunto de las quebras de los mayoristas. Los menor que el 1 mayor que 2 operators menor que por litro","Señor Presidente, Señor Comisario, ya que hablamos de empleo. Quiero recordar el también muy serio asunto de las quebras de los mayoristas. Las menor que N1 mayor que agencias de viajes menor que N1 m"
es_028,activity based management,gestión basada en la actividad,1.0,1.0,0.0,"Y cuando surge algo más, no me parece bien que el orden del día de las distintas comisiones. Ya de por sí excesivamente cargado, sea siempre acortado a causa del menor que él e uno mayor que show meno","Y cuando surge algo más, no me parece bien que el orden del día de las distintas comisiones. Ya de por sí excesivamente cargado, sea siempre acortado a causa del menor que N1 mayor que espectáculo men"
es_029,test,examen,1.0,1.0,0.0,"señor presidente, señor comisario, señoras y señores diputados. La liberalización prevista de los servicios postales nacionales tradicionales su cita. Ineludiblemente la pregunta de ¿qué es lo que est","señor presidente, señor comisario, señoras y señores diputados, la liberalización prevista de los servicios postales nacionales tradicionales su cita, ineludiblemente la pregunta de qué es lo que esto"
es_030,lobbies,grupos de presión,1.0,1.0,0.0,Esta pregunta hay que responderla partiendo del hecho de que el monopólio tradicional de hecho está. Siendo socavado por toda suerte de empresas de mensajería y por los avances tecnológicos como él. M,Esta pregunta hay que responderla partiendo del hecho de que el monopolio tradicional de hecho está. Siendo socavado por toda suerte de empresas de mensajería y por los avances tecnológicos como él. M
es_031,policy mix,combinación de políticas,1.0,1.0,0.0,"En esta perspectiva, el llamado menor que L1 mayor que Activity Based Management menor que por litro 1 mayor que es el instrumento clave para garantizar una, correspondencia entre los objetivos, las a","En esta perspectiva, la llamado menor que N1 mayor que gestión basada en la actividad menor que N1 mayor que es el instrumento clave para garantizar una, correspondencia entre los objetivos, las accio"
es_032,stocks,existencias,0.9705882352941176,0.9705882352941176,0.0,"Por este motivo, estas constituyen un menor que el 1 mayor que test menor que por litro, 1 mayor que de credibilidad para la política exterior y de seguridad común, de la Unión.","Por este motivo, estas constituyen un menor que N1 mayor que examen menor que, N1 mayor que de credibilidad para la política exterior y de seguridad común. De la Unión."
es_033,green shipping conference,Conferencia sobre transporte marítimo ecológico,0.9344262295081968,0.9047619047619048,0.029664324746291992,"Pienso a sí mismo que no ha de subestimarse y le formulo una pregunta el poder y la fuerza de los. Menorque él e uno mayor que lovis menor que por litro, uno mayor que de los ministerios de asuntos ex",Pienso a sí mismo que no ha de subestimarse y le formulo una pregunta el poder y la fuerza de los. Menor que N1 mayor que grupos de presión menor que N1 mayor que de los ministerios de asuntos exterio
es_034,business,negocio,0.9473684210526315,0.9122807017543859,0.03508771929824561,"El menor que el 1 mayor que polis y mix menor que por litro, 1 mayor que que pongamos en marcha tendría que permitir precisamente la plena absorción. De estas capacidades.","La menor que N1 mayor que combinación de políticas menor que, N1 mayor que que pongamos en marcha tendría que permitir precisamente la. Plena absorción de estas capacidades."
es_035,software,programación,0.9056603773584906,0.9056603773584906,0.0,"No creo que el estado de los menor que él e uno mayor que stocks menor que por litro uno mayor que ni el escandaloso sistema actual de los descartes sean. Un buen ejemplo de la bondad del sistema, que","No creo que el estado de las menor que N1 mayor que existencias menor que, N1 mayor que ni el escandaloso sistema actual de los descartes. sean un buen ejemplo de la bondad del sistema, que requiere p"
es_036,corporate governance,gobierno corporativo,1.0,1.0,0.0,"Señor presidente, señor comisario, en tanto ponente de la directiva relativa a las instalaciones portuarias receptoras de desechos. Quiero hacer un par de observaciones. También de cara a la prevenció","Señor presidente, señor comisario, en tanto ponente de la directiva relativa a las instalaciones portuarias receptoras de desechos. Quiero hacer un par de observaciones. También de cara a la prevenció"
es_037,split comitology,comitología partida,1.0,1.0,0.0,"Sabemos que, en nombre de los empresarios, la unís descubre su juego en los documentos preparatorios de la CUMRE Europea del. Menorque el 1 mayor que business menor que por litro 1 mayor que prevista ","Sabemos que, en nombre de los empresarios, la unís descubre su juego en los documentos preparatorios de la CUMRE Europea del. Menorque N1 mayor que negocio menor que, N1 mayor que prevista en junio en"
es_038,on line,en línea,0.9130434782608695,0.8840579710144928,0.02898550724637672,los incrementos en los medios de comunicación. En la telefonía móvil y en el menor que el 1 mayor que software menor que por litro 1 mayor que no han podido compensar las pérdidas de empleo en. El sec,los incrementos en los medios de comunicación. En la telefonía móvil y en la menor que N1 mayor que programación menor que N1 mayor que no han podido compensar las pérdidas de empleo. En el sector de 
es_039,capacity building,generación de capacidad,1.0,1.0,0.0,"Por lo tanto, quisiera reabrir el debate acerca del menor que él e uno mayor que corporate governance menor que por litro uno mayor que sobre el concepto más amplio de. La empresa como menor que él e ","Por lo tanto, quisiera reabrir el debate acerca del menor que N1 mayor que gobierno corporativo menor que N1 mayor que sobre el concepto más amplio de. La empresa como menor que N2 mayor que sociedade"
es_040,smart sanctions,sanciones inteligentes,0.9038461538461539,0.9230769230769231,-0.019230769230769273,"En esta materia, hemos recomendado durante la tramitación un llamado menor que el 1 mayor que split comitó la G menor que por litro 1 mayor que que podría ser de inestimable ayuda.","En esta materia, hemos recomendado durante la tramitación una llamada menor que N1 mayor que comitología partida menor que N1 mayor que que podría ser de inestimable ayuda."
es_041,club,agrupación,1.0,1.0,0.0,"No tengo tiempo para detenerme en otros aspectos elusivos y moderados. Demasiado moderados de su programa. Medio ambiente, salud, justicia, transportes, seguridad, además de la precipitada ampliación ","No tengo tiempo para detenerme en otros aspectos elusivos y moderados. Demasiado moderados de su programa. Medio ambiente, salud, justicia, transportes, seguridad, además de la precipitada ampliación "
es_042,lobby,grupo de presión,1.0,1.0,0.0,"Esta es la razón por la cual se debe también tener en cuenta lo que llamamos menor que el 1 mayor que capacity. Building menor que por litro, 1 mayor que. Es decir, las medidas de asistencia técnica q","Esta es la razón por la cual se debe también tener en cuenta lo que llamamos menor que N1 mayor que generación de. Capacidad menor que, N1 mayor que, es decir, las medidas de asistencia técnica que ha"
es_043,boom,auge,1.0,1.0,0.0,La necesidad de intervenir en los ataques a periodistas independientes. La necesidad de defender a insumisos y a desertores. Así como la necesidad de desarrollar sanciones inteligentes. Menorque él e ,La necesidad de intervenir en los ataques a periodistas independientes. La necesidad de defender a insumisos y a desertores. Así como la necesidad de desarrollar sanciones inteligentes. Menorque N1 ma
es_044,hardware,componentes informáticos,1.0,0.9347826086956522,0.06521739130434778,"Es una mezcla entre la señora Bonino y el señor Le Pen, lo cual es una mezcla sensacional de por sí. Además de que este menor que él e uno mayor que club menor que por litro uno mayor que no participa","Es una mezcla entre la señora Bonino y el señor Le Pen, lo cual es una mezcla sensacional de por sí. Además de que esta menor que N1 mayor, que agrupación menor, que N1 mayor, que no participan nunca "
es_045,session news,boletín de sesión,1.0,1.0,0.0,"E aquí, en efecto, la nueva directiva que se nos presenta hoy aplicada hasta las últimas consecuencias. Y que podría perfectamente terminar por sustituir a la definición del chocolate que conocemos. E","E aquí, en efecto, la nueva directiva que se nos presenta hoy aplicada hasta las últimas consecuencias, y que podría perfectamente terminar por sustituir a la definición del chocolate que conocemos. E"
es_046,phasing out,reducción progresiva,0.8961038961038961,0.922077922077922,-0.025974025974025983,Al menor que el 1 mayor que 1 menor que por litro 1 mayor que de la tecnología de la información se enfrentan fusiones y despidos.,"Al menor que N1 mayor que auge menor que, N1 mayor que de la tecnología de la información se enfrentan fusiones y despidos."
es_047,hushkits,dispositivos de silencio,1.0,1.0,0.0,"Las ciudadanas y ciudadanos tienen que familiarizarse con unas nuevas formas y relaciones de. Trabajo en la industria de la información y de la comunicación, tanto en el sector del menor que L1 mayor ","Las ciudadanas y ciudadanos tienen que familiarizarse con unas nuevas formas y relaciones de. Trabajo en la industria de la información y de la comunicación, tanto en el sector de los menor que N1 may"
es_048,leasing,alquiler con opción de compra,1.0,0.9387755102040817,0.061224489795918324,Una depreciación de un 10% del dólar y del menor que el 1 mayor que y en menor que por litro 1 mayor que con respecto al euro. Acompañada de una caída del 10% del precio del oro. Borraría todo el capi,Una depreciación de un 10% del dólar y del menor que N1 mayor que N1 mayor que con respecto al euro. Acompañada de una caída del 10% del precio del oro. Borraría todo el capital actual del B.C.
es_049,bypass ratio,relación de derivación,1.0,1.0,0.0,"Acabo de recibir de manos de un colega la menor que él e uno mayor que Session News, menor que por litro uno mayor que acerca del debate de ayer sobre él. Informe Lucford, y he de constatar con conste","Acabo de recibir de manos de un colega el menor que N1 mayor que boletín de sesión menor que, N1 mayor que acerca del debate de ayer. Sobre el informe Lutford, y he de constatar con consternación que "
es_050,brand-new start,nuevo comienzo,1.0,1.0,0.0,"Primera, que vamos a buscar unos mejores estándares internacionales en el marco de la OACI. Que vamos a colaborar en el seno de OACI, y que vamos a buscar un objetivo común. Que es reducir, todavía má","Primera, que vamos a buscar unos mejores estándares internacionales en el marco de la OACI. Que vamos a colaborar en el seno de OACI, y que vamos a buscar un objetivo común. Que es reducir, todavía má"
es_051,trading,transacciones bursátiles,1.0,1.0,0.0,Son muchos los que venen el tema de los menor que el 1 mayor que Josh Kitz menor que por litro 1 mayor que el primer caso de como el nuevo. Parlamento y la nueva comisión tratarán los temas de la avia,"son muchos los que venen el tema de los menor que N1 mayor que dispositivos de silencio menor que, N1 mayor que el primer caso de como. El nuevo parlamento y la nueva comisión tratarán los temas de la"
es_052,black vengeance angels,ángeles de la venganza,1.0,1.0,0.0,"Esto ha gustado a las poderosas empresas norteamericanas, como fabricantes de aviones, pero les perjudica porque al mismo tiempo son inversoras propietarias de miles de aeronaves. Arrendadas en menor ","Esto ha gustado a las poderosas empresas norteamericanas, como fabricantes de aviones, pero les perjudica porque al mismo tiempo son inversoras propietarias de miles de aeronaves. Arrendadas en menor "
es_053,self regulation,autorregulación,1.0,1.0,0.0,"Hemos propuesto a los norteamericanos si es que consideran que esta definición de los menor que el 1 mayor que vaipas. Ratio menor que por litro, 1 mayor que suponen discriminación. Nosotros entendemo","Hemos propuesto a los norteamericanos si es que consideran que esta definición de los menor que N1 mayor que relación. De derivación menor que, N1 mayor que ratio suponen discriminación. Nosotros ente"
es_054,marketing,mercadotecnica,1.0,1.0,0.0,"Conclusión, es necesaria una nueva fase, con las presidencias portuguesa y francesa. Un menor que él e uno mayor que brand new start, menor que por litro, uno mayor que de la política euro-mediterráne","Conclusión, es necesaria una nueva fase, con las presidencias portuguesa y francesa, un menor que N1 mayor que nuevo comienzo menor que N1 mayor que de la política euro-mediterránea. Que pueda impulsa"
es_055,one man,un hombre,1.0,1.0,0.0,"Por otro lado, tenemos los sistemas de menor que el 1 mayor que trading menor que por litro, 1 mayor que que acaban de nacer en los países bajos. En Dinamarca y en los que seguirán existiendo muchos p","Por otro lado, tenemos los sistemas de menor que N1 mayor que transacciones bursátiles menor que N1 mayor que que acaban de nacer en los países bajos. En Dinamarca y en los que seguirán existiendo muc"
es_056,shopping list,lista de la compra,1.0,1.0,0.0,"Todos los colegas deben comprender por fin que sí bien, en nuestra calidad de parlamentarios. Debemos cumplir con el máximo rigor nuestras tareas de control. Sin embargo, no somos detectives nifiscale","Todos los colegas deben comprender por fin que sí bien, en nuestra calidad de parlamentarios. Debemos cumplir con el máximo rigor nuestras tareas de control, sin embargo no somos detectives nifiscales"
es_057,pay as you go,de prepago,1.0,1.0,0.0,En toda nueva legislación tenemos que establecer un mejor equilibrio entre la menor que el 1 mayor que self. Regulación menor que por litro 1 mayor que y la menor que el 2 mayor que public regulation ,En toda nueva legislación tenemos que establecer un mejor equilibrio entre la. Menor que N1 mayor que autorregulación menor que N1 mayor que y la menor que N2 mayor que regulación pública menor que N2
es_058,fair trade,de comercio justo,1.0,1.0,0.0,"En segundo lugar, a menudo lo que los directores de menor que el 1 mayor que marketing menor que por litro, 1 mayor que denominarían los suministros son diferentes.","En segundo lugar, a menudo lo que los directores de menor que N1 mayor que mercado técnica menor que, N1 mayor que denominarían los suministros son diferentes."
es_059,eslogan,lema,1.0,1.0,0.0,El principio subiescente menor que el 1 mayor que 1 man menor que por litro 1 mayor que menor que el 2 mayor que 1 boté menor que por litro 2 mayor que es inaceptable.,"El principio subiescente menor que N1 mayor, que 1 hombre menor, que N1 mayor, que menor, que N2 mayor, que 1 voto menor, que N2 mayor, que es inaceptable."
es_060,feedback,respuesta,0.967741935483871,0.9516129032258065,0.016129032258064502,Pero para mí es tranquilizador que tantos colegas estén de acuerdo en reconocer que las propuestas. Contenidas en 52 apartados y 58 subapartados constituyan una menor que el 1 mayor que shopping list ,Pero para mí es tranquilizador que tantos colegas estén de acuerdo en reconocer que las propuestas. Contenidas en 52 apartados y 58 subapartados constituyan una menor que N1 mayor que lista de la comp
es_061,an early bird catches the worm,el pájaro que madruga atrapa al gusano,1.0,1.0,0.0,"Uno es el pilar obligatorio. El sistema menor que él e uno mayor que Pei ha sido un menor que por litro, uno mayor que. El otro es el sistema de capitalización, que se sitúa por encima de aquel. El pr","Uno es el pilar obligatorio. El sistema menor que N1 mayor que deprepago menor que N1 mayor que. El otro es el sistema de capitalización, que se sitúa por encima de aquel. El problema es que todos los"
es_062,fuel,combustóleo,0.9024390243902439,0.9024390243902439,0.0,La enmienda 34 exige que los plátanos menor que el 1 mayor que Fairtrade menor que por litro 1 mayor que sean apoyados independientemente del país. De origen.,"La enmienda 34 exige que los plátanos menor que N1 mayor que de comercio justo menor que, N1 mayor que sean apoyados independientemente, del país de origen."
es_063,confort,comodidad,1.0,1.0,0.0,para que esto resulte visible. Parece preferible que los dos socios utilicen en las actividades previstas un emblema I y I. Menorque L1 mayor que es logán menor que por litro 1 mayor que identicos.,"Para que esto resulte visible, parece preferible que los dos socios utilicen en las actividades previstas un emblema I y I. Menorque N1 mayor que Lema menor que N1 mayor que identicos."
es_064,gap,brecha,1.0,1.0,0.0,"En la actualidad es así, que al yogur, si se le agregan edulcorantes u otros productos adicionales. Es un producto no incluido en el anexo primero. Si es un menor que él e uno mayor que yogur menor qu","En la actualidad es así, que al yogur, si se le agregan edulcorantes u otros productos adicionales. Es un producto no incluido en el anexo primero. Si es un menor que N1 mayor que yogur menor que N1 m"
es_065,relax,relajamiento,0.9333333333333333,0.9111111111111111,0.022222222222222254,"Los informes médicos han señalado que en las zonas circundantes a los aeropuertos se producen. Problemas de salud inacceptablemente graves. Como insomnio, alta tensión. Menorque el 1 mayor que estrés ","Los informes médicos han señalado que en las zonas circundantes a los aeropuertos se producen. Problemas de salud inacceptablemente graves. Como insomnio, alta tensión, menor que N1 mayor que estrés m"
es_066,handicap,obstáculo,1.0,1.0,0.0,Tenemos un sistema que va a ser administrado por los usuarios y me gustaría. Adelantando me dado que confiamos en conseguir que esta directiva salga adelante. Decirle esta tarde a la comisión que es n,Tenemos un sistema que va a ser administrado por los usuarios y me gustaría. Adelantando me dado que confiamos en conseguir que esta directiva salga adelante. Decirle esta tarde a la comisión que es n
es_067,roaming,de itinerancia,1.0,0.9761904761904762,0.023809523809523836,"Desde el punto de vista de la alta tasa de desempleo que se sigue manteniendo en Europa conviene. Recordar, como dice el refrán, que menor que él e uno mayor que Annerley Bird hatches the worm menor q","Desde el punto de vista de la alta tasa de desempleo que se sigue manteniendo en Europa con viene. Recordar, como dice el refrán, que menor que N1 mayor que el pájaro que madruga atrapa al gusano meno"
es_068,tándem,pareja,1.0,1.0,0.0,El deseo de mantener esta elevada ayuda por hectárea al cultivo del cañamo es en realidad fruto de. Una muy extraña colaboración entre aquellos que quieren la legalización del menor que él e uno mayor,El deseo de mantener esta elevada ayuda por hectárea al cultivo del cañamo es en realidad fruto de. Una muy extraña colaboración entre aquellos que quieren la legalización del menor que N1 mayor que H
es_069,gendarme,agente de policía,1.0,0.9622641509433962,0.037735849056603765,y para economizar incluso menor que el 1 mayor que fue el menor que por litro 1 mayor que en la fabricación de las harinas disminuyeron la. Temperatura de cocción permitiendo así que sobreviviera el a,"Y para economizar incluso menor que N1 mayor que combustole o menor que, N1 mayor que en la fabricación de las harinas disminuyeron la. Temperatura de cocción permitiendo así que sobreviviera el agent"
es_070,platform,platforma,1.0,1.0,0.0,"Cada país tiene su reglamento particular que regula la velocidad, seguridad y el menor que el 1 mayor que confort menor que por litro 1 mayor que del viaje. Solo se permite circular por la red si se c","Cada país tiene su reglamento particular que regula la velocidad, seguridad y la menor que N1 mayor que comodidad menor que N1 mayor que del viaje. Sonos se permite circular por la red si se cumple en"
es_071,know how,conocimiento,1.0,1.0,0.0,"será necesario emprender el camino de las reformas que los estados miembros deberán acometer. Necesariamente para reducir las cargas que pesan sobre las empresas. Reducir el coste laboral, respaldar l","será necesario emprender el camino de las reformas que los estados miembros de Verán a cometer. Necesariamente para reducir las cargas que pesan sobre las empresas. Reducir el coste laboral, respaldar"
es_072,impasse,punto muerto,1.0,1.0,0.0,"Las líneas de alta velocidad deben concebirse sobre todo para el turismo. El menor que el 1 mayor que relax menor que por litro, 1 mayor que y el recreo de todos los ciudadanos europeos. Especialmente",Las líneas de alta velocidad deben concebirse sobre todo para el turismo. El menor que N1 mayor que relajamiento menor que N1 mayor que y el recreo de todos los ciudadanos europeos. Especialmente de l
es_073,think tank,laboratorios de ideas,1.0,1.0,0.0,"Las diferencias nacionales representan un menor que él e uno mayor que handicap menor que por litro, uno mayor que importante para el desarrollo del transporte por ferrocarril en Europa, a pesar de la","Las diferencias nacionales representan un menor que N1 mayor que obstáculo menor que N1 mayor que importante para el desarrollo del transporte por ferrocarril en Europa, a pesar de las numerosas venta"
es_074,pizza-service without delivery,servicio de pizza sin reparto,1.0,1.0,0.0,"La comisión debe encargarse en lo sucesivo con más empeño de que las tarifas llamadas. Menorque el 1 mayor que roaming menor que por litro, 1 mayor que que los operadores cobran a sus clientes de sien","La Comisión debe encargarse en lo sucesivo con más empeño de que las tarifas llamadas menor que N1 mayor que D. Y Tinerancia menor que, N1 mayor que que los operadores cobran a sus clientes desciendan"
es_075,from stable to table,del establo a la mesa,0.9230769230769231,0.9423076923076923,-0.019230769230769162,Quiero hacer una advertencia a los que practican la táctica del menor que el 1 mayor que Salami menor que por litro 1 mayor que contra Estrasburgo. Y Luxemburgo.,Quiero hacer una advertencia a los que practican la táctica del menor que N1 mayor que Salami menor que N1 mayor que contra Estrasburgo. Y Luxemburgo.
es_076,short sea port,puerto del mar,1.0,1.0,0.0,"La ambigüedad en lo que concierne a los límites del papel de la comisión resulta particularmente. Evidente en el ámbito de la seguridad y debería ser, de una vez por todas, claramente despejada, pues ","La ambigüedad en lo que concierne a los límites del papel de la comisión resulta particularmente. Evidente en el ámbito de la seguridad y debería ser, de una vez por todas, claramente despejada, pues "
es_077,one stop shop,de ventanilla única,1.0,1.0,0.0,"Señor Presidente, la resolución propuesta por la señora, la alumier se propone dar cobertura parlamentaria a la proclamación de la Unión Europea. Junto a la OTAN, como menor que él e uno mayor que gen","Señor presidente, la resolución propuesta por la señora, la alumier se propone dar cobertura parlamentaria a la proclamación de la Unión Europea. Junto a la OTAN, como menor que N1 mayor que agente de"
es_078,dosier,expediente,0.9555555555555556,0.9555555555555556,0.0,"Me satisfase comprobar el impacto producido por los conceptos menor que L2 mayor, que platform menor, que por litro 2 mayor, que y menor que L1 mayor, que Action menor, que por litro 1 mayor, que de P","Me satisfase comprobar el impacto producido por los conceptos menor que N2 mayor que platforma menor que, N2 mayor que y menor que N1 mayor que acción menor que, N1 mayor que, de pequín."
es_079,on the job training,capacitación en el trabajo,1.0,1.0,0.0,Considero especialmente importante que se aprovecha en la reconstrucción el menor que el 1 mayor que no ha o menor que por litro 1 mayor que de. Las organizaciones europeas y de las organizaciones de ,"Considero especialmente importante que se aprovecha en la reconstrucción, el menor que N1 mayor que conocimiento menor que N1 mayor que. De las organizaciones europeas y de las organizaciones de los e"
es_080,míster,señor,0.9111111111111111,0.9333333333333333,-0.022222222222222254,"Sin embargo, no cabe duda de qué. Desde el punto de vista institucional. El menor que el 1 mayor que ampas menor que por litro 1 mayor que en el que estamos es muy grave.","Sin embargo, no cabe duda de que. Desde el punto de vista institucional, el menor que N1 mayor que punto muerto menor que, N1 mayor que en el que estamos es muy grave."
es_081,crash programme,plan de choque,0.90625,0.9090909090909091,-0.0028409090909090606,"En la cumbre se trató de menor que L1 mayor que Think Tank menor que por litro 1 mayor que, de contactos con la SONG, de nuevas redes.","En la cumbre se trató de menor que N1 mayor que laboratorios de ideas menor que, N1 mayor que, de contactos con la ZNG, de nuevas redes."
es_082,set top box,receptor de señal de televisión,1.0,1.0,0.0,"El señor Patan la ha calificado de embarazosa para la UE, y la comisión y la ha llamado la peor forma. De gestión de ayuda al desarrollo. El señor Nilsson se ha conformado con llamarla a menor que él ",El señor Patan la ha calificado de embarazosa para la UE y la comisión y la ha llamado la peor forma. De gestión de ayuda al desarrollo. El señor Nilsson se ha conformado con llamarla a menor que N1 m
es_083,cliché,estereotipo,0.9183673469387755,0.8979591836734694,0.020408163265306145,"La complejidad que existe en Europa en el reconocimiento de las calificaciones da lugar a documentos como éste, que, a pesar del esfuerzo del parlamento y de la propia comisión, es un auténtico menor ","La complejidad que existe en Europa en el reconocimiento de las calificaciones da lugar a documentos como éste, que, a pesar del esfuerzo del parlamento y de la propia comisión, es un auténtico menor "
es_084,gay,homosexuales,1.0,1.0,0.0,"La reglamentación que hoy debatimos es una consecuencia directa de las recomendaciones de la. Investigación parlamentaria sobre la heve de Aquel entonces, en la que se fijaba la gestión integral de la","La reglamentación que hoy debatimos es una consecuencia directa de las recomendaciones de la. Investigación parlamentaria sobre la heve de Aquel entonces, en la que se fijaba la gestión integral de la"
es_085,painful and hard work,trabajo duro,1.0,1.0,0.0,"Estoy pensando, por ejemplo, en los monopolios del transporte por carretera. Con todas las consecuencias que ello conlleva para los precios con los que el cabotaje debe. Conectar el menor que el 1 may","Estoy pensando, por ejemplo, en los monopolios del transporte por carretera. Con todas las consecuencias que ello conlleva para los precios con los que el cabotaje debe. Conectar el menor que N1 mayor"
es_086,doping,dopaje,1.0,1.0,0.0,De ahí que el parlamento indique en su informe la necesidad de un planteamiento menor que el 1 mayor que 1 stop. Shop menor que por litro 1 mayor que al ofrecer servicios de transporte logístico a los,De ahí que el parlamento indique en su informe la necesidad de un planteamiento menor que N1 mayor que de ventanilla. Única menor que N1 mayor que al ofrecer servicios de transporte logístico a los us
es_087,chef de mission,líder de la delegación,0.9824561403508771,0.9310344827586207,0.051421657592256476,"Concluimos. En primer lugar, es necesario simplificar el reglamento con el fin de permitir la aceleración del proceso en Arasa. Una mayor transparencia, poniendo en ello los medios necesarios para la ","Concluimos, en primer lugar, es necesario simplificar el reglamento con el fin de permitir la aceleración del proceso en arasa. Una mayor transparencia, poniendo en ello los medios necesarios para la "
es_088,adagio,lema,1.0,1.0,0.0,"Esto solo podría llevarse a cabo, por ejemplo, como reciclaje o menor que el 1 mayor que on the job training menor que por litro 1 mayor que","Esto solo podría llevarse a cabo. Por ejemplo, como reciclaje o menor que N1 mayor que capacitación en el trabajo menor que N1 mayor que."
es_089,buró,órgano de dirección,1.0,1.0,0.0,Esto nos lleva a una política exterior de la Unión Europea con otras pautas y nos lleva a la. Integración con el comisario para las relaciones exteriores. Menor que él e uno mayor que Mr. Menor que po,Esto nos lleva a una política exterior de la Unión Europea con otras pautas y nos lleva a la. Integración con el comisario para las relaciones exteriores. Menor que N1 mayor que señor menor que N1 may
es_090,carné,acreditación,0.9620253164556962,0.9493670886075949,0.012658227848101333,"Celebro la conferencia del Comisario Nilsson del 28 de septiembre de 2000, y espero que ella nos. Lleve a un menor que él e uno mayor que crash program menor que por litro, uno mayor que para afrontar","Celebro la conferencia del Comisario Nilson del 28 de septiembre de 2000, y espero que ella nos. Lleve a un menor que N1 mayor que plan de choque menor que, N1 mayor que para afrontar estos problemas "
es_091,puzzle,rompecabezas,0.9420289855072463,0.927536231884058,0.01449275362318836,"Y tampoco es casualidad que el mismo Blair haya propuesto la difusión gratuita del menor que el 1 mayor que set top. Box menor que por litro 1 mayor que, prefigurándose una doble ventaja. Por un lado,","Y tampoco es casualidad que el mismo Blair haya propuesto la difusión gratuita del menor que N1 mayor que receptor D. Señal de televisión menor que N1 mayor que, prefigurándose una doble ventaja, por "
es_092,cóctel,bomba,1.0,1.0,0.0,No la comparto porque la comunicación vuelve a presentar el viejo menor que el 1 mayor que cliché menor que por litro 1 mayor que europeo en lo que. A la televisión y al cine se refiere. Intervención ,No la comparto porque la comunicación vuelve a presentar el viejo menor que N1 mayor que estereotipo menor que N1 mayor que europeo N. Lo que a la televisión y al cine se refiere. Intervención pública
es_093,benchmarking,análisis comparativo,1.0,1.0,0.0,ha habido mucha información erronea al respecto. Su citada en parte por los conservadores del Reino Unido. En la prensa sensacionalista han aparecido titulares sobre complots vergonsosos de la Uge par,ha habido mucha información erronea al respecto. Su citada en parte por los conservadores del Reino Unido. En la prensa sensacionalista han aparecido titulares sobre complots vergonsosos de la Uge par
es_094,ballotage,segunda vuelta,0.9014084507042254,0.8904109589041096,0.010997491800115777,"Solo quiero aclarar que en la parte de Alemania de la que yo vengo esta palabra no significa otra. Cosa en inglés que menor que el 1 mayor que painful and hard work, menor que por litro 1 mayor que.",Solo quiero aclarar que en la parte de Alemania de la que yo vengo esta palabra no significa otra. Cosa en inglés que menor que N1 mayor que trabajo duro menor que N1 mayor que
es_095,flag of convenience,bandera de conveniencia,1.0,1.0,0.0,Es indudable que el menor que el 1 mayor que doping menor que por litro 1 mayor que está cambiando el deporte y que el deporte cambiará por él. Menor que el 2 mayor que doping menor que por litro 2 ma,"Es indudable que el menor que N1 mayor quedó paje menor que, N1 mayor que está cambiando el deporte y que el deporte cambiará por él. Menor que N2 mayor quedó paje menor que, N2 mayor que. Lo que nos "
es_096,public private partnership,de colaboración público privada,1.0,1.0,0.0,"No en vano. Los juegos olímpicos de Atlanta fueron calificados de guerra olímpica por el menor que el 1 mayor que chef de. Mission menor que por litro 1 mayor que Nirlandés, André Bolwiss. Seguramente","No en vano. Los juegos olímpicos de Atlanta fueron calificados de guerra olímpica por el menor que N1 mayor que líder de la. Delegación menor que, N1 mayor que Nirlandés André Bolwiss. Seguramente los"
es_097,hip,molonas,0.9117647058823529,0.9117647058823529,0.0,"En la primera juventud, en la escuela, se repite el menor que él e uno mayor que adagio menor que por litro, uno mayor que de aprender para la vida.","En la primera juventud, en la escuela, se repite el menor que N1 mayor que Lema menor que N1 mayor que de aprender para la vida."
es_098,score board,tablero de resultados,0.9285714285714286,0.9122807017543859,0.01629072681704269,"Necesitamos la formación permanente y la educación en cultura general para estar en condiciones de. O poner resistencia al intento de crear un estado europeo totalitario, cuyo menor que él e uno mayor","Necesitamos la formación permanente y la educación en cultura general para estar en condiciones de O poner resistencia al intento de crear un estado europeo totalitario, cuyo menor que N1 mayor que ór"
es_099,performance reserve,reserva de eficacia,1.0,1.0,0.0,"Señor Presidente, he votado a favor de este importante documento, cuya importancia, valga la redundancia, ha sido destacada por todos los oradores, y en particular por la señora, echaré quien ha dicho","Señor Presidente, he votado a favor de este importante documento, cuya importancia, valga la redundancia, ha sido destacada por todos los oradores, y en particular por la señora, echaré quien ha dicho"
es_100,learning by doing,aprender haciendo,1.0,1.0,0.0,"y ese menor que él e uno mayor que pose el menor que por litro, uno mayor que requiere la revisión del convenio de Dublin. La decisión que hoy mismo, hemos adoptado de proponer una directiva sobre nor","Y ese menor que N1 mayor que rompecabezas menor que, N1 mayor que requiere la revisión del convenio de Dublin. La decisión que hoy mismo, hemos adoptado de proponer una directiva sobre normas mínimas "
es_101,road pricing,tarificación de rutas,0.9565217391304348,0.9787234042553191,-0.022201665124884307,"En un incendio intencionado, producido en un albergue de transeuntes de Wupertall, resultaron levemente heridos tres niños. Se había arrojado a la casa un menor que él e uno mayor que cocte el menor q","En un incendio intencionado, producido en un albergue de transeuntes de Wupertall, resultaron levemente heridos tres niños. Se había arrojado a la casa una menor que N1 mayor que bomba menor que N1 ma"
es_102,single payment area,zona única de pagos,1.0,1.0,0.0,"quisiera reconocer y destacar que en este ámbito una ayuda especial debería favorecer a las mujeres. Como empresarias y quisiera subrayar también que nosotros. Como parlamento, deberíamos instar a la ","quisiera reconocer y destacar que en este ámbito una ayuda especial debería favorecer a las mujeres. Como empresarias y quisiera subrayar también que nosotros. Como Parlamento, deberíamos instar a la "
es_103,round table,mesa redonda,1.0,1.0,0.0,"Aprovecho esta ocasión para dirigir al Comisario Vergeujen una invitación para que haga de. Intermediario ante la Comisión y el propio Consejo de Europa, al objeto de que la Unión reexamine su posició","Aprovecho esta ocasión para dirigir al Comisario Vergeujen una invitación para que haga de Intermediario ante la Comisión y el propio Consejo de Europa, al objeto de que la Unión reexamine su posición"
es_104,smoking gun,prueba irrefutable,1.0,1.0,0.0,"Así mismo, existen diferencias en materia tecnológica entre el este y el oeste. Frente a sus cuatro conexiones a menor que el 1 mayor que Internet menor que por litro, 1 mayor que por cada 1000 habita","Así mismo, existen diferencias en materia tecnológica entre el este y el oeste. Frente a sus cuatro conexiones a menor que N1 mayor que Internet menor que N1 mayor que por cada 1000 habitantes. Nosotr"
es_105,end of live vehiculs,vehículos al final de su vida útil,1.0,1.0,0.0,Es muy importante que no se trate de una menor que L1 mayor que Flag of Convenience menor que por litro 1 mayor que. Sino que se apliquen aquí realmente todas las medidas que prescribe el menor que L2,Es muy importante que no se trate de una menor que N1 mayor que bandera de conveniencia menor que N1 mayor que. Sino que se apliquen aquí realmente todas las medidas que prescriben el menor que N2 may
es_106,black boxes,cajas negras,1.0,1.0,0.0,"Por ello, las previsiones financieras no nos parecen suficientes, pues el hueco existente entre las necesidades diagnosticadas de infraestructuras y los instrumentos. De financiación existentes en la ","Por ello, las previsiones financieras no nos parecen suficientes, pues el hueco existente entre las necesidades diagnosticadas de infraestructuras y los instrumentos. Definanciación existente es en la"
es_107,light,bajos en nicotina,1.0,1.0,0.0,Recuerdo que mi colega Jopunstead luchó para que se aceptase el menor que l1 mayor que chip menor que por litro 1 mayor que protector.,"Recuerdo que mi colega Jopunstead luchó para que se aceptase el menor que N1 mayor que chip menor que, N1 mayor que protector."
es_108,madame,señora,0.9859154929577465,0.971830985915493,0.014084507042253502,Tenemos la responsabilidad de ofrecerles a nuestros jóvenes la posibilidad de construir una. Sociedad futura donde la violencia y las agresiones no se consideren menor que él e uno mayor que hip menor,Tenemos la responsabilidad de ofrecerles a nuestros jóvenes la posibilidad de construir una. Sociedad futura donde la violencia y las agresiones no se consideren menor que N1 mayor que molonas menor q
es_109,droit de suite,derecho de participación,1.0,1.0,0.0,"Así pues, creemos que, primero los índices comunes europeos, una labor que en este momento está en el camino de su consecución. Y también los objetivos nacionales. Es decir la necesidad de que cada pa","Así pues, creemos que, primero los índices comunes europeos, una labor que en este momento está en el camino de su consecución. Y también los objetivos nacionales. Es decir la necesidad de que cada pa"
es_110,fair play,juego limpio,1.0,1.0,0.0,"Si bien la fiebre a la vez del menor que el 1 mayor que clon menor que por litro 1 mayor que y de los OMG, parece haberse apoderado de la comisión. La señora, ponente llegó a un verdadero frenesí, aña","Si bien la fiebre a la vez del menor que N1 mayor que Clon menor que, N1 mayor que y de los OMG, parece haberse apoderado de la comisión. La señora, ponente llegó a un verdadero frenesí, añadiendo al "
es_111,dumping,competencia desleal,1.0,1.0,0.0,"No obstante, votaré a favor de la denominada menor que el 1 mayor que performance recibe menor que por litro 1 mayor que. Porque creo que es necesario que en esta fase se nos facilite alguna informaci","No obstante, votaré a favor de la denominada menor que N1 mayor que reserva de eficacia menor que N1 mayor que. Porque creo que es necesario que en esta fase se nos facilite alguna información más. Y "
es_112,maillot,camiseta,1.0,1.0,0.0,"En otras palabras, alrededor de la mesa de la casa europea común, algunos comerían a la carta y otros el menor que él e uno mayor que menú menor que por litro uno mayor que mínimo.","En otras palabras, alrededor de la mesa de la casa europea común, algunos comerían a la carta y otros el menor que N1 mayor que menú menor que N1 mayor que mínimo."
es_113,bonus,prima,1.0,1.0,0.0,"Para lanzar el sistema, la comisión formuló un núcleo duro de premisas. El sistema deberá basarse en un planteamiento menor que el 1 mayor que learning by doing menor que por litro 1 mayor que. Deberá","Para lanzar el sistema, la comisión formuló un núcleo duro de premisas. El sistema deberá basarse en un planteamiento menor que N1 mayor que aprender haciendo menor que N1 mayor que. Deberá iniciarse "
es_114,hackers,piratas informáticos,1.0,1.0,0.0,Desde que está claro que el CO2 es el principal responsable de los cambios climáticos y que él. Transporte sigue aumentando. Hay que realizar sobre todo propuestas concretas sobre cómo limitar el tráf,Desde que está claro que el CO2 es el principal responsable de los cambios climáticos y que él. Transporte sigue aumentando. Hay que realizar sobre todo propuestas concretas sobre cómo limitar el tráf
es_115,online,en línea,1.0,1.0,0.0,El objetivo debe ser una menor que L1 mayor que single parliamentaria menor que por litro 1 mayor que en la que los pagos transfronterizos tengan. Que cumplir los mismos requisitos y se les apliquen l,"El objetivo debe ser una menor que N1 mayor que zona única de pagos menor que, N1 mayor que en la que los pagos transfronterizos tengan. Que cumplir los mismos requisitos y se les apliquen los mismos "
es_116,bistec,filete,1.0,1.0,0.0,"Tomado literalmente, este artículo significaría que un partido socialista no podría discriminar a conservadores que quisieran presentarse como candidatos suyos o que una compañía de opera tendría que ","Tomado literalmente, este artículo significaría que un partido socialista no podría discriminar a conservadores que quisieran presentarse como candidatos suyos o que una compañía de opera tendría que "
es_117,tampón,caching,1.0,1.0,0.0,"Me parece esencial el grupo de reflexión a nivel europeo con representantes de la UNG. Los interlocutores sociales, el Consejo y el Parlamento Europeo, quienes deben participar anualmente en una menor","Me parece esencial el grupo de reflexión a nivel europeo con representantes de la Go-NG. Los interlocutores sociales, el Consejo y el Parlamento Europeo, quienes deben participar anualmente en una men"
es_118,striptease,desnudo,1.0,1.0,0.0,"Los documentos salidos a la luz son no menos que un menor que el 1 mayor que es Mocking On, menor que por litro 1 mayor que.",Los documentos salidos a la luz son no menos que una menor que N1 mayor que prueba irrefutable menor que N1 mayor que.
es_119,ranking,clasificación,1.0,1.0,0.0,"Permiten comprender el terrible balance de estos dos meses de menor que el 1 mayor que intifada menor que por litro 1 mayor que 270 muertos, la mayoría palestinos, y cerca de 10.000 heridos, a menudo ","Permiten comprender el terrible balance de estos dos meses de menor que N1 mayor que intifada menor que N1 mayor que 270 muertos, la mayoría palestinos y cerca de 10.000 heridos, a menudo baldados de "
es_120,ring,cuadrilátero,1.0,0.975609756097561,0.024390243902439046,"Señor acomisaría, disponemos de una directiva para el menor que el 1 mayor que en Doff Life Vehicles menor que por litro 1 mayor que.","Señor acomisaría, disponemos de una directiva para los menor que N1 mayor que vehículos al final de su vida útil menor que N1 mayor que."
es_121,chat room,canal de mensajería instantánea,1.0,1.0,0.0,"En cambio, señor ministro, lamentablemente, debo decirlo, usted dice. Podríamos. Y habla usted de pavillones baratos. De menor que él e uno mayor que black boxas, menor que por litro, uno mayor que y ","En cambio, señor ministro, lamentablemente, debo decirlo, usted dice, podríamos, y habla usted de pavillones baratos, de menor que N1 mayor que cajas negras menor que, N1 mayor que y de otras cosas."
es_122,call back,retrollamada,1.0,1.0,0.0,En el informe se citan marcas de cigarrillos que se venden como suaves. Menorque el 1 mayor que light menor que por litro 1 mayor que u otros términos similares.,En el informe se citan marcas de cigarrillos que se venden como suaves. Menorque N1 mayor que bajos en nicotina menor que N1 mayor que U otros términos similares.
es_123,naming and shaming,nombrar y avergonzar,1.0,1.0,0.0,"Es una buena base para la política comunitaria del próximo año, y hay que decir también realmente. Que la idea comunitaria ha sido determinante durante todo el año. Durante todos los preparativos, en ","Es una buena base para la política comunitaria del próximo año, y hay que decir también realmente. Que la idea comunitaria ha sido determinante durante todo el año. Durante todos los preparativos, en "
es_124,versus,contra,1.0,1.0,0.0,sin un menor que el 1 mayor que droid de sweet menor que por litro 1 mayor que internacional. La realidad es que el mercado europeo del arte acabará en los paraízos fiscales.,sin un menor que N1 mayor que derecho de participación menor que N1 mayor que internacional. La realidad es que el mercado europeo del arte acabará en los paraízos fiscales.
es_125,teenager,adolescentes,1.0,1.0,0.0,"Y, en tercer lugar, los servicios prestados por empresas no europeas a empresas europeas estarían también sujetos a imposición, lo que establece la igualdad de condiciones el menor que el 1 mayor que ","Y, en tercer lugar, los servicios prestados por empresas no europeas a empresas europeas estarían también sujetos a imposición, lo que establece la igualdad de condiciones, el menor que N1 mayor que j"
es_126,pub,bar,1.0,1.0,0.0,La conclusión de las investigaciones es que el menor que L1 mayor que Domping menor que por litro 1 mayor que y el perjuicio no son discutibles y que el efecto de las medidas menor que L2 mayor que An,La conclusión de las investigaciones es que la menor que N1 mayor que competencia desleal menor que N1 mayor que y el perjuicio no son. Discutible si que el efecto de las medidas menor que N2 mayor qu
es_127,aquaplaning,hidroplaneo,1.0,1.0,0.0,"Pero eso no necesariamente significa, estimados colegas, señor comisario, que se haya conseguido el menor que él e uno mayor que mayor menor que por litro, uno mayor que amarillón y que la victoria fi","Pero eso no necesariamente significa, estimados colegas, señor comisario, que se haya conseguido la menor que N1 mayor, que camiseta menor, que N1 mayor, que amarilla, ni que la victoria final esté a "
es_128,chófer,conductor,1.0,1.0,0.0,"Voy a puntualizar, en relación con el famoso menor que L1 mayor que bonus menor que por litro, 1 mayor que que ha levantado tantas críticas. Que cuando se justifica anualmente un 9% de menor que L2 ma","Voy a puntualizar, en relación con la famosa menor que N1 mayor que prima menor que, N1 mayor que que ha levantado tantas críticas. Que cuando se justifica anualmente un 9% de menor que N2 mayor que p"
es_129,chofer,conductor,0.9090909090909091,0.9090909090909091,0.0,Por eso hay que combatir a los que se ha dado en llamar menor que l1 mayor que hackers menor que por litro 1 mayor que. Sancionando la oferta que hacen al público de medios para neutralizar las medida,Por eso hay que combatir a los que se ha dado en llamar menor que N1 mayor que piratas informáticos menor que N1 mayor que. Sancionando la oferta que hacen al público de medios para neutralizar las me
es_130,fast track,de vía rápida,0.9444444444444444,0.9464285714285714,-0.001984126984126977,"y también que el acervo cultural que, por ejemplo, está almacenado en archivos de televisión. Se pueda abrir y que las bibliotecas puedan cumplir también en el mundo menor que él e uno mayor que onlin","y también que el acervo cultural que, por ejemplo, está almacenado en archivos de televisión. Se pueda abrir y que las bibliotecas puedan cumplir también en el mundo menor que N1 mayor que N1 mayor qu"
es_131,stand by,modo de espera,1.0,1.0,0.0,"Y para terminar, los italianos esperan que los OGM hagan que el menor que el 1 mayor que Vistec menor que por litro, 1 mayor que a la florentina no tenga peligro. Alguno, para poder consumir con toda ","Y para terminar, los italianos esperan que los OGM hagan que el menor que N1 mayor que filete menor que, N1 mayor que a la florentina no tenga peligro. Algu uno, para poder consumir con toda tranquili"
es_132,hooligan,fanáticos,0.9493670886075949,0.9493670886075949,0.0,"En lo que a la memoria tampón, menor que el 1 mayor que tampón menor que por litro, 1 mayor que. Se refiere, hubiera deseado que este informe estuviera más cerca de la directiva sobre comercio electró","en lo que a la memoria tampón, menor que N1 mayor que caching menor que, N1 mayor que. Se refiere, hubiera deseado que este informe estuviera más cerca de la directiva sobre comercio electrónico."
es_133,spamming,correo basura,0.9622641509433962,0.9516129032258065,0.01065124771758974,"Es casi como hacer un menor que él e uno mayor que streptis menor que por litro uno mayor que a oscuras perdón por la expresión, señor presidente.","Es casi como hacer un menor que N1 mayor que desnudo menor que N1 mayor que a oscuras perdón por la expresión, señor presidente."
es_134,spam,correos basura,1.0,1.0,0.0,"No envano el interlocutor que aquí nos ocupa constituye el cuarto grupo del menor que el 1 mayor que ranking menor que por litro 1 mayor que. Mundial en estos ámbitos y, además, tiene un potencial de ","No en vano el interlocutor que aquí nos ocupa constituye el cuarto grupo de la. Menor que N1 mayor que clasificación menor que, N1 mayor que mundial en estos ámbitos y. Además, tiene un potencial de c"
es_135,bloc noir,bloque negro,1.0,1.0,0.0,Es un pujil que está acostumbrado a dar golpes bajos ante la miranda indiferente del árbitro del. Menorque el 1 mayor que ring menor que por litro 1 mayor que y mientras los árbitros de los puntos dis,"Es un púgil que está acostumbrado a dar golpes bajos ante la miranda indiferente del árbitro del. Menor que N1 mayor que cuadrilátero menor que, N1 mayor que y mientras los árbitros de los puntos disc"
es_136,premier,primer ministro,0.9047619047619048,0.8837209302325582,0.021040974529346612,Pero también sé que estamos en una partida de menor que L1 mayor que Poker menor que por litro 1 mayor que yo soy un pésimo jugador de Poker.,Pero también sé que estamos en una partida de menor que N1 mayor que Poker menor que N1 mayor que y yo soy un pésimo jugador de Poker.
es_137,shock,conmoción,1.0,1.0,0.0,"No sé si sería posible. Como señala el diputado, aumentar esta apuesta creando. Además, un menor que L1 mayor que chatroom menor que por litro 1 mayor que.","No sé si sería posible, como señala el diputado, aumentar esta apuesta creando. Además, un menor que N1 mayor que canal de mensajería instantánea menor que N1 mayor que."
es_138,trust,grupo de empresas,1.0,1.0,0.0,"Sin embargo, esto no echa por tierra las exigencias que el parlamento puede formular claramente por medio del. llamado mecanismo menor que el 1 mayor que callback menor que por litro 1 mayor que.","Sin embargo, esto no echa por tierra las exigencias que el parlamento puede formular claramente por medio del. Llamado mecanismo de menor que N1 mayor que retrollamada menor que N1 mayor que."
es_139,bridge,ir demasiado lejos,1.0,1.0,0.0,"Para ello, el Tribunal de Cuentas debe pasar efectivamente a un menor que él e uno mayor que Namiglan Shaming menor que por litro uno mayor que consecuentes. Por tanto, poner públicamente en la picota","Para ello, el Tribunal de Cuentas debe pasar efectivamente a un menor que N1 mayor que nombrar y avergonzar menor que N1 mayor que consecuentes. Por tanto, poner públicamente en la picota a los Estado"
es_140,cowboy,vaqueros,0.9534883720930233,0.9302325581395349,0.023255813953488413,"Asunto, impuesto sobre las transacciones financieras menor que él e uno mayor que ver sus menor que por litro, uno mayor que artículo 56, el artículo 56 del tratado. C, G, establece que.","Asunto, impuestos sobre las transacciones financieras menor que N1 mayor que contra menor que, N1 mayor que artículo 56, el artículo 56 del tratado. Seje establece que..."
es_141,convoy,caravana,1.0,1.0,0.0,"En cambio, la utilización de un menor que el 1 mayor que microchip menor que por litro 1 mayor que el electrónico es más eficaz no solo en términos de identificación, sino que además es un método much","En cambio, la utilización de un menor que N1 mayor que microchip menor que N1 mayor que electrónico es más eficaz no solo en términos de identificación, sino que además es un método mucho más humano p"
es_142,majors,grandes estudios,0.9454545454545454,0.9464285714285714,-0.0009740259740259605,"Los jóvenes europeos siguen entrando aproximadamente a la misma edad en contacto con el alcohol. Como lo hacían antes, es decir, en la temprana edad de los menor que el 1 mayor que Tinayer menor que p","Los jóvenes europeos siguen entrando aproximadamente a la misma edad en contacto con el alcohol. Como lo hacían antes, es decir, en la temprana edad de los menor que N1 mayor que adolescentes menor qu"
es_143,on line,en línea,1.0,1.0,0.0,El etiquetado con observaciones de advertencia llegando incluso a realizarse la comparación. P. E. J. Una copa de menor que L1 mayor que Brandi menor que por litro 1 mayor que igual a 3 cañas de cerve,El etiquetado con observaciones de advertencia llegando incluso a realizarse la comparación. P. E. J. Una copa de menor que N1 mayor que Brandi menor que N1 mayor que igual a 3 cañas de cerveza. Así l
es_144,stress,estrés,1.0,1.0,0.0,"Espero que no nos esté hablando de crear una convención que sea una especie de menor que él e uno mayor que pod menor que por litro, uno mayor que sin. Cerveza.",Espero que no nos esté hablando de crear una convención que sea una especie de menor que ene uno mayor que bar menor que ene uno mayor que sin. Cerveza.
es_145,share fishermen,pescadores autónomos,0.9591836734693877,0.9387755102040817,0.020408163265306034,Los neumáticos que compré tienen una resistencia de rodadura considerablemente inferior a la media. Además de unos niveles de adherencia y menor que él e uno mayor que aqua planing menor que por litro,Los neumáticos que compré tienen una resistencia de rodadura considerablemente inferior a la media. Además de unos niveles de adherencia en menor que N1 mayor que hidroplaneo menor que N1 mayor que ba
es_146,check and balance,controles y equilibrios,0.9705882352941176,0.9565217391304348,0.014066496163682829,"Por esto, fui a verle para felicitarle por su elección, junto con el menor que él e uno mayor que chofer menor que por litro, uno mayor que Hugo Gustinetti. Pensionista, que me dijo, como pensionista,","Por esto, fui a verle para felicitarle por su elección, junto con el menor que N1 mayor que conductor menor que N1 mayor que Hugo Gustinetti. Pensionista, que me dijo, como pensionista, estoy muy a fa"
es_147,mail,correo electrónico,1.0,1.0,0.0,La incorporación de indicadores de que el menor que el 1 mayor que Erberg menor que por litro 1 mayor que del asiento del ocupante delantero está. Desactivado.,"La incorporación de indicadores de que el menor que N1 mayor que Erbar menor que, N1 mayor que del asiento del ocupante del antero está, desactivado."
es_148,capacity building,aumento de capacidad,1.0,1.0,0.0,"Sin embargo, he optado por votar en contra de los siguientes puntos. La propuesta de que el trabajador debe ser informado al menos con un día de anticipación. La propuesta de que el tiempo en que se e","Sin embargo, he optado por votar en contra de los siguientes puntos. La propuesta de que el trabajador debe ser informado al menos con un día de anticipación. La propuesta de que el tiempo en que se e"
es_149,blue box,caja azul,1.0,1.0,0.0,"Por esta razón, me he esforzado, en mi condición deponente. En elucidar con carácter previo e informal los puntos de vista del consejo y de la comisión en él. Marco del procedimiento menor que él e un","Por esta razón, me he esforzado, en mi condición deponente, en elucidar con carácter previo e informar los puntos de vista del consejo y de la comisión en él. Marco del procedimiento menor que N1 mayo"
es_150,kamikaze,suicida,1.0,1.0,0.0,"Este tipo de ayudas. Como ustedes saben, están condicionadas por ciertas exigencias de política económica y se proponen dentro de un. Programa de menor que L1 mayor que Standby menor que por litro 1 m","Este tipo de ayudas, como ustedes saben, están condicionadas por ciertas exigencias de política económica y se proponen dentro de un. Programa de menor que N1 mayor que modo de espera menor que, N1 ma"
es_151,glamour,atractivo,1.0,1.0,0.0,"Por lo tanto, para mí el elemento más sorprendente y más choquantes de los acontecimientos de Genova ha sido ver. Como dentro de las fuerzas del orden bastó una tontería, un mero cambio de gobierno, u","Por lo tanto, para mí el elemento más sorprendente y más chocantes de los acontecimientos de Genoa ha sido ver. Como dentro de las fuerzas del orden bastó una tontería, un mero cambio de gobierno, una"
es_152,made in,hechas en,1.0,1.0,0.0,"En efecto, creo que ambos sistemas son ineficaces a la hora de luchar contra el llamado menor que el 1 mayor que spamming menor que por litro 1 mayor que. Los verdaderos menor que el 2 mayor que spamm","En efecto, creo que ambos sistemas son ineficaces a la hora de luchar contra el llamado menor que N1 mayor que correo basura menor que N1 mayor que. Los verdaderos menor que N2 mayor que remitentes de"
es_153,brainstorming,tormenta de ideas,1.0,1.0,0.0,Los políticos tenemos que acelerar el desarrollo y la divulgación de los productos técnicos que eliminan los menor que L1 mayor que spam menor que por litro 1 mayor que y las exigencias de control tal,Los políticos tenemos que acelerar el desarrollo y la divulgación de los productos técnicos que eliminan los menor que N1 mayor que correos basura menor que N1 mayor que y las exigencias de control ta
es_154,low cost carrier,aerolínea de bajo coste,0.9787234042553191,0.9791666666666666,-0.00044326241134751143,"quisiera apuntar a la señora, portavoz del consejo que, en Genova, el ataque no fue en contra de menor que él e uno mayor que blógno ar menor que por litro uno mayor que, sino contra cuanto se manifes","quisiera apuntar a la señora, portavoz del consejo que, en Genova, el ataque no fue en contra del menor que N1 mayor que bloque negro menor que, N1 mayor que. sino contra cuanto se manifestaban pacífi"
es_155,single audits,auditorias únicas,0.9830508474576272,0.9830508474576272,0.0,"Se trata de un tema que se debatió en la cumbre entre el primer ministro italiano y él. Menorque él e uno mayor que premier menor que por litro, uno mayor que inglés. Un proyecto cuyo objetivo es crea","Se trata de un tema que se debatió en la cumbre entre el primer ministro italiano y el menor que N1 mayor que primer. Ministro menor que N1 mayor que inglés, un proyecto cuyo objetivo es crear una org"
es_156,free riders,polizones,1.0,1.0,0.0,"Tercero, no deben sufrir un menor que él e uno mayor que shock menor que por litro uno mayor que los que ya no van a disponer de esta cobertura porque en estas. Regiones se va a crear cierto eurocepti","Tercero, no deben sufrir una menor que N1 mayor que con moción menor que N1 mayor que los que ya no van a disponer de esta cobertura porque N. Estas regiones se va a crear cierto euroescepticismo."
es_157,drafting sessions,sesiones de redacción,0.9803921568627451,0.9807692307692307,-0.00037707390648566985,"La responsabilidad del menor que l1 mayor que trost menor que por litro 1 mayor que total fina ELF, ya culpable del naufragio del hérica, es total.",La responsabilidad del menor que N1 mayor que grupo de empresas menor que N1 mayor que total Fina Elf. Ya culpable del naufragio del Erika. Es total.
es_158,think tank,laboratorio de ideas,0.9666666666666667,1.0,-0.033333333333333326,"En mi opinión, esto es un menor que el 1 mayor que bridge menor que por litro 1 mayor que tu far.","En mi opinión, esto es menor que N1 mayor que ir demasiado lejos menor que N1 mayor que."
es_159,workshop,seminario,0.9444444444444444,0.9555555555555556,-0.011111111111111183,"Ahora que lo sé, uhan demostrado que no practican ninguna política de menor que él e uno mayor que cowboy menor que por litro, uno mayor que sino que. Recapacitan muy a fondo cada paso en la lucha con","Ahora que lo sé, uhan demostrado que no practican ninguna política de menor que N1 mayor que vaqueros menor que, N1 mayor que sino que. Recapacitan muy a fondo cada paso en la lucha contra los terrori"
es_160,bistró,taberna,0.95,0.95,0.0,Hemos podido saber por los medios de comunicación que un menor que él e uno mayor que convoy menor que por litro uno mayor que está cruzando el paso de cae ver y avanza hacia el norte,"Hemos podido saber por los medios de comunicación que una menor que N1 mayor que caravana menor que N1 mayor que está cruzando el paso. De Caiver, y avanza hacia el norte."
es_161,cookies,galletas digitales,1.0,0.9850746268656716,0.014925373134328401,"Además de la mera exportación de las programaciones, los menor que el 1 mayor que Major's menor que por litro 1 mayor que están desarrollando la exportación a Europa de canales temáticos de televisión","Además de la mera exportación de las programaciones, los menor que N1 mayor que grandes estudios menor que N1 mayor que están desarrollando la exportación a Europa de canales temáticos de Televisión A"
es_162,chequear,consultar,1.0,1.0,0.0,"Por otro lado, las nuevas necesidades de información y cooperación judicial menor que el 1 mayor que online menor que por litro 1 mayor que menor que el 2 mayor que e intempo menor que por litro 2 may","Por otro lado, las nuevas necesidades de información y cooperación judicial menor que N1 mallorque en línea menor que N1 mallorque menor que N2 mallorque y a tiempo menor que N2 mallorque que pueden g"
es_163,complot,conspiración,0.9452054794520548,0.9315068493150684,0.013698630136986356,El método de coordinación abierta solo tiene éxito en tanto el menor que L1 mayor que stress menor que por litro 1 mayor que D. menor que L2 mayor que Convergens menor que por litro 2 mayor que contin,"El método de coordinación abierta solo tiene éxito en tanto el menor que N1 mayor que estrés menor que, N1 mayor que D. menor que N2 mayor que convergencia menor que, N2 mayor que continúe existiendo,"
es_164,crack,crisis,1.0,1.0,0.0,Me parece importante que volvamos a fijarnos en lo que yo he definido como el ámbito de aplicación. Del conjunto. ¿Por qué creo que se puede discutir sobre la pregunta de qué categorías se pueden exce,Me parece importante que volvamos a fijarnos en lo que yo he definido como el ámbito de aplicación. Del conjunto. ¿Por qué creo que se puede discutir sobre la pregunta de qué categorías se pueden exce
es_165,máster,posgrado,1.0,1.0,0.0,Pienso que está en juego el equilibrio de nuestras instituciones y que no podemos sustraernos al. Gran modelo norteamericano. Es el equilibrio de nuestras instituciones. El menor que el 1 mayor que ch,"Pienso que está en juego el equilibrio de nuestras instituciones y que no podemos sustraernos al. Gran modelo norteamericano, es el equilibrio de nuestras instituciones. Los menor que N1 mayor que con"
es_166,input,datos de entrada,0.9183673469387755,0.9215686274509803,-0.003201280512204807,Esta mañana he oído que ayer por la noche llegó un menor que él e uno mayor que mail menor que por litro uno mayor que con un anexo.,Esta mañana he oído que ayer por la noche llegó un menor que N1 mayor que correo electrónico menor que N1 mayor que con un anexo.
es_167,kit,botiquín,1.0,1.0,0.0,"Además, todos los capítulos de la agenda se refieren a los esfuerzos específicos en favor de los países en desarrollo, ya se trate del acceso de sus productos a los mercados. Del trato especial y dife","Además, todos los capítulos de la agenda se refieren a los esfuerzos específicos en favor de los países en desarrollo, ya se trate del acceso de sus productos a los mercados. Del trato especial y dife"
es_168,cómic,tebeo,1.0,1.0,0.0,"Esto está a sí mismo en consonancia con su resolución, en la que se exige un abandono de las medidas distorsionadoras de la competencia y corresponde a. Nuestro mandato que nos obliga a realizar negoc","Esto está a sí mismo en consonancia con su resolución, en la que se exige un abandono de las medidas distorsionadoras de la competencia y corresponde a. Nuestro mandato que nos obliga a realizar negoc"
es_169,charter,chárter,1.0,1.0,0.0,"El plan Mitchell es bien intencionado porque pretende en primer lugar detener la masacre. Pero es un señuelo, ya que cada minía acuerdo concluido sobre una base tan restringida que daría a expensas de","El plan Mitchell es bien intencionado porque pretende en primer lugar detener la masacre. Pero es un señuelo, ya que cada mini acuerdo concluido sobre una base tan restringida quedaría a expensas del "
es_170,amateur,aficionado,0.9310344827586207,0.9655172413793104,-0.034482758620689724,Esta exposición ha pretendido dotar de menor que el 1 mayor que glamor menor que por litro 1 mayor que a criminales presos que han cometido. Delitos atroces.,Esta exposición ha pretendido dotar de menor que N1 mayor que atractivo menor que N1 mayor que a criminales presos que han cometido. Delitos atroces.
es_171,póster,mural,1.0,1.0,0.0,"desearía hacerle al alto representante. Señor Solana, una pregunta en relación con el famoso barco apresado. Carima, deduzco que aquellos que están ocupándose de constatar que las pruebas de la implic","desearía hacerle al alto representante. Señor Solana, una pregunta en relación con el famoso barco apresado. Carima, deduzco que aquellos que están ocupándose de constatar que las pruebas de la implic"
es_172,yonqui,drogradicto,1.0,1.0,0.0,Este constituye un serio golpe contra la libertad de expresión en Rusia. En un país quedió a luz la menor que él e uno mayor que perestroica menor que por litro uno mayor que y despertó al calor de es,"Este constituye un serio golpe contra la libertad de expresión en Rusia. En un país que dio a luz la menor que N1 mayor que perestroica menor que, N1 mayor que y despertó al calor de esta."
es_173,tawny,tawny,1.0,1.0,0.0,"Es un hecho conocido, por ejemplo, que la industria del whisky es cosés depende sobre manera del transporte por ferrocarril para llevar. El whisky es cosés de menor que el 1 mayor que malta menor que ","Es un hecho conocido, por ejemplo, que la industria del whisky escoce es depende sobre manera del transporte por ferrocarril para llevar. El whisky escoce es de menor que N1 mayor que alta menor que N"
es_174,catering,servicio de comidas,1.0,1.0,0.0,Después del debate que celebraremos mañana en el grupo de trabajo interinstitucional. Un debate menor que el 1 mayor que brainstorming menor que por litro 1 mayor que sobre las prioridades de la polít,Después del debate que celebraremos mañana en el grupo de trabajo interinstitucional. Un debate de menor que N1 mayor que tormenta de ideas menor que N1 mayor que sobre las prioridades de la política 
es_175,sándwich,bocadillo,1.0,1.0,0.0,Hemos observado en los últimos 10 años una duplicación de los movimientos de aviones y. Possiblemente quizás necesitamos una nueva duplicación en poco tiempo. Pues el volar es algo cotidiano. Pienso e,Hemos observado en los últimos 10 años una duplicación de los movimientos de aviones y. Possiblemente quizás necesitamos una nueva duplicación en poco tiempo. Pues el volar es algo cotidiano. Pienso e
es_176,bulevar,avenida,1.0,1.0,0.0,"En lo referente a la cuestión del método das del tribunal de cuentas, por supuesto estamos. Dispuestos a seguir más intensamente este concepto y la idea de las menor que L1 mayor que single audits men",En lo referente a la cuestión del método das del tribunal de cuentas por supuesto estamos. Dispuestos a seguir más intensamente este concepto y la idea de las menor que N1 mayor que auditorias únicas 
es_177,ballet,danza,1.0,1.0,0.0,"Por ejemplo, se puede incluir también a los pequeños productores. Haciendo lo posible para evitar los problemas relacionados con los menor que el 1 mayor que Free Riders, menor que por litro 1 mayor q","Por ejemplo, se puede incluir también a los pequeños productores, haciendo lo posible para evitar los problemas relacionados con los menor que N1 mayor que polisones menor que N1 mayor que. Materia en"
es_178,casete,cinta,1.0,1.0,0.0,y puesto que no se realizaron negociaciones en sentido propio. Los participantes en la conferencia se concentraron en diálogos de mesas redondas. Organizadas junto a los actos. Así como en encuentros ,"y puesto que no se realizaron negociaciones en sentido propio. Los participantes en la conferencia se concentraron en diálogos de mesas redondas. Organizadas junto a los actos, así como en encuentros "
es_179,tsunami,maremoto,1.0,1.0,0.0,"Sería muy satisfactorio que se cruz un menor que él e uno mayor que think tank menor que por litro, uno mayor que compuesto de miembros de ONG. Profesores, personal de la administración y científicos ","Sería muy satisfactorio que se crease un menor que N1 mayor que laboratorio de ideas menor que N1 mayor que compuesto de miembros de ONG. Profesores, personal de la administración y científicos junto "
es_180,spray,aerosol,1.0,1.0,0.0,En el marco del informe de Helsinki sobre el deporte así como del foro europeo del deporte. Celebrado el 26 y 27 de octubre en Lille en especial en el menor que él e uno mayor que workshop menor que p,En el marco del informe de Helsinki sobre el deporte así como del foro europeo del deporte. Celebrado el 26 y 27 de octubre en Lille en especial en el menor que N1 mayor que seminario menor que N1 may
es_181,antidúmping,anti competencia desleal,1.0,1.0,0.0,"Este es un punto fundamental para conseguir los dos objetivos que pretendemos a través de la coordinación de la política económica, que la política fiscal no entorpesca la política monetaria y que no ","Este es un punto fundamental para conseguir los dos objetivos que pretendemos a través de la coordinación de la política económica, que la política fiscal no entorpesca la política monetaria y que no "
es_182,bobsleigh,bobsled,1.0,1.0,0.0,"algo que se ha desarrollado para una organización basada en una tecnología sofisticada no es. Necesariamente apropiado para el café de Joe en Luis Ham High Street, o para el menor que el 1 mayor que v","Algo que se ha desarrollado para una organización basada en una tecnología sofisticada no es. Necesariamente apropiado para el café de Joe en Luis Ham High Street, o para la menor que N1 Mallorca Tabe"
es_183,influenza,gripe,1.0,1.0,0.0,"Por último, creo que no escandalizaré a nadie diciendo que estoy de acuerdo con el ponente cuando dice en la. En Mienda 4 que, en el fondo, los menor que el 1 mayor que QQX menor que por litro, 1 mayo","Por último, creo que no escandalizaré a nadie diciendo que estoy de acuerdo con el ponente cuando dice en la. En Mienda 4 que, en el fondo, las menor que N1 mayor que galletas digitales menor que N1 m"
es_184,mitin,encuentro,1.0,1.0,0.0,"Desde donde me encuentro. Parece que la pantalla del menor que él e uno mayor que radar menor que por litro, uno mayor que se enciende por toda la Asamblea.","Desde donde me encuentro, parece que la pantalla del menor que N1 mayor que radar menor que, N1 mayor que se enciende por toda la Asamblea."
es_185,revólver,pistola,1.0,1.0,0.0,"Tengo que indicar además que existen algunas discrepancias más. Por ejemplo, el nuevo impuesto se aplica para la ginebra. El menor que el 1 mayor que vodka menor que por litro 1 mayor que licores, per","Tengo que indicar además que existen algunas discrepancias más. Por ejemplo, el nuevo impuesto se aplica para la ginebra. El menor que N1 mayor que vodka menor que N1 mayor que helicores, pero no al m"
es_186,argot,jerga,1.0,1.0,0.0,"Este sitio web se iniciará en Irlandez, aunque no excluyen que pronto haya una versión disponible. En inglés, de modo que los hablantes de otros idiomas también puedan menor que él e uno mayor que che","Este sitio web se iniciará en Irlandez, aunque no excluyen que pronto haya una versión disponible. En inglés, de modo que los hablantes de otros idiomas también puedan menor que N1 mayor que consultar"
es_187,gángster,mafioso,1.0,1.0,0.0,Se ha hablado de un menor que él e uno mayor que complot menor que por litro uno mayor que para derrocar al régimen e incluso para asesinar al jefe del. Estado sin aportar la menor prueba. Contestigos,"Se ha hablado de una menor que N1 mayor que conspiración menor que N1 mayor que para derrocar al régimen, e incluso para asesinar al jefe. Del estado sin aportar la menor prueba, contestigos y acusado"
es_188,pull,de tracción,0.9736842105263158,0.9487179487179487,0.02496626180836714,"De hecho, el mundo de las finanzas vive actualmente una especie de menor que el 1 mayor que crack menor que por litro 1 mayor que rampante que recuerda la. Crisis de 1929 y las que siguieron.","De hecho, el mundo de las finanzas vive actualmente una especie de menor que N1 mayor que crisis menor que, N1 mayor que rampante que recuerda la. crisis de 1929 y las que siguieron."
es_189,push,empuje,1.0,1.0,0.0,"De este modo crearemos familias universitarias a través de las fronteras que ofrecerán a los. Européos titulaciones de menor que él e uno mayor que más ter menor que por litro, uno mayor que y estarán",De este modo crearemos familias universitarias a través de las fronteras que ofrecerán a los. Europeos titulaciones de menor que N1 mayor que posgrado menor que N1 mayor que y estarán abiertas a los e
es_190,fine tuning,operaciones de ajuste,1.0,0.972972972972973,0.027027027027026973,"Cooperación es una palabra mágica, un menor que él e uno mayor que totem menor que por litro, uno mayor que que se repite y que a mí me gustaría que fuese más realidad de lo que es en estos. Momentos.","Cooperación es una palabra mágica, un menor que N1 mayor que tot en menor que, N1 mayor que que se repite y que a mí me gustaría que fuese más realidad de lo que es en estos. Momentos."
es_191,tory,conservador,1.0,1.0,0.0,"A partir de ahí, señor presidente en ejercicio del Consejo, me permito recordarle que en la reunión a la que usted nos invitó gentilmente en Copenhague. Usted habló de tres fases en la presidencia dan","A partir de ahí, señor presidente en ejercicio del Consejo, me permito recordarle que en la reunión a la que usted nos invitó gentilmente en Copenhague. Usted habló de tres fases en la presidencia dan"
es_192,comodoro,capitán de navío,1.0,1.0,0.0,"En este contexto, permítame, señor presidente, que me refiera a una frase que está en el programa, y que creo que es un error del plumífero que. La escribió, que dice que este proporciona la aportació","En este contexto, permítame, señor presidente, que me refiera a una frase que está en el programa y que creo que es un error del plumífero que. La escribió que dice que este proporciona la aportación,"
es_193,permafrost,permahielo,1.0,1.0,0.0,"señora presidenta, mientras el dictador norcoreano Kim Jong-il paladea su menor que él e uno mayor que coñac menor que por litro uno mayor que francés de importación. Especial y saborea sus pizzas rec","señora presidenta, mientras el dictador norcoreano Kim Jong-il paladea su menor que N1 mayor que Koñag menor que N1 mayor que francés de importación. Especial y saborea sus pizzas recién orneadas por "
es_194,bufete,despacho,1.0,1.0,0.0,"Las violaciones y la violencia no solo afectan a sus organismos. Merceda al hambre y los campos de concentración, sino también a sus mentes, ya que se les ha lavado el cerebro y han quedado incapacita","Las violaciones y la violencia no solo afectan a sus organismos. Merceda al hambre y los campos de concentración, sino también a sus mentes, ya que se les ha lavado el cerebro y han quedado incapacita"
es_195,streaming,retransmisión por internet,1.0,1.0,0.0,Los lugares en los que se celebraron también son simbólicos. El foro económico se reunió en la estación de menor que el 1 mayor que esquí menor que por litro 1 mayor que de Davos y el foro social mund,Los lugares en los que se celebraron también son simbólicos. El foro económico se reunió en la estación de menor que N1 mayor que Esquim menor que N1 mayor que de Davos y el foro social mundial lo. Hi
es_196,zombi,muerto viviente,1.0,1.0,0.0,He tenido la impresión de estar comprobando la lista de contenido de un menor que el 1 mayor que quid menor que por litro 1 mayor que de primeros. Auxilios cuando se ha producido un accidente i. Por s,"He tenido la impresión de estar comprobando la lista de contenido de un menor que N1 mayor que Botiquín menor que N1 mayor que D. Primero sauxilios cuando se ha producido un accidente I. Por supuesto,"
es_197,tabloide,prensa sensacionalista,1.0,0.9696969696969697,0.030303030303030276,"La debilidad de la Uye contrasta con la valiente postura adoptada por los jugadores de. Menorque el 1 mayor que Cricket menor que por litro, 1 mayor que de Simbaabue. Henry Olonga y Andy Flower.","La debilidad de la UE contrasta con la valiente postura adoptada por los jugadores de. Menorque N1 mayor que Cricket menor que, N1 mayor que de Simbaabue. Henry O'Longa y Andy Flower."
es_198,emails,correos electrónicos,1.0,1.0,0.0,"Podemos mantener nuestras alianzas, señor presidente en ejercicio del Consejo, incluso con los Estados Unidos. Pero para citar un precedente histórico no fueron los amigos de Norteamérica quienes les ","Podemos mantener nuestras alianzas, señor presidente en ejercicio del Consejo, incluso con los Estados Unidos. Pero para citar un precedente histórico no fueron los amigos de Norteamérica quienes les "
es_199,jets,aviones,0.90625,0.921875,-0.015625,"Señor Presidente, el Parlamento Europeo ha publicado un menor que él e uno mayor que cómic menor que por litro uno mayor que titulado Troublad Waters con el fin de informar a los jóvenes sobre los tra","Señor Presidente, el Parlamento Europeo ha publicado un menor que N1 mayor que TVO menor que N1 mayor que titulado Troublad Waters con el Finde, informar a los jóvenes sobre los trabajos del Parlament"
es_200,spa,balenario,1.0,1.0,0.0,"El lunes 3 de marzo de 2003, Francia y Alemania procedieron a la expulsión colectiva de 54. Nacionales del Senegal y de Cote Divuar, para lo que recurrieron a un vuelo menor que el 1 mayor que charter","El lunes 3 de marzo de 2003, Francia y Alemania procedieron a la expulsión colectiva de 54. Nacionales del Senegal y de Cote Divuar, para lo que recurrieron a un vuelo menor que N1 mayor que Charter M"
es_201,jet society,élite,1.0,1.0,0.0,"décadas más tarde, cuando el pacto de Barsovia aún existía. Ciudadanos de Alemania Oriental participaron en un menor que él e uno mayor que picnic menor que por litro uno mayor que pan europeo a las o","décadas más tarde, cuando el pacto de Barsovia aún existía. Ciudadanos de Alemania Oriental participaron en un menor que N1 mayor que picnic menor que N1 mayor que pan europeo a las orillas del. Lago "
es_202,premium,de pago,0.9772727272727273,0.9777777777777777,-0.0005050505050504528,"Quizá el precio de una menor que él e uno mayor que pizza menor que por litro, uno mayor que por año para un hogar medio.",Quizá el precio de una menor que N1 mayor que pizza menor que N1 mayor que por año para un hogar medio.
es_203,esprint,empujón,1.0,1.0,0.0,"Parece ser que hace dos años se iniciaron allí las obras sin las licencias oportunas asilo. Afirman los demandantes, poniendo en peligro la vida de los menor que él e uno mayor que hamster menor que p","Parece ser que hace dos años se iniciaron allí las obras sin las licencias oportunas asilo. Afirman los demandantes, poniendo en peligro la vida de los menor que N1 mayor que hamster menor que N1 mayo"
es_204,hiyab,velo islámico,1.0,1.0,0.0,"El objetivo de la igualdad de oportunidades en el deporte escolar, menor que el 1 mayor que a mater menor que por litro 1 mayor que y profesional, tiene como primera finalidad una integración más adec","El objetivo de la igualdad de oportunidades en el deporte escolar, menor que N1 mayor que aficionado menor que, N1 mayor que y profesional, tiene como primera finalidad una integración más adecuada de"
es_205,debut,estreno,1.0,1.0,0.0,"señora presidenta, señora comisaria, señorías, cuando la estrella del menor que el 1 mayor que golf menor que por litro 1 mayor que sueca. Anika Saurestán, quiso competir con los hombres en el torneo ","señora presidenta, señora comisaria, señorías, cuando la estrella del menor que N1 mayor que golf menor que N1 mayor que sueca. Anika Saurestán, quiso competir con los hombres en el torneo profesional"
es_206,neocon,neoconservadoras,1.0,1.0,0.0,Europa se ha autosignado el papel de menor que el 1 mayor que Sheriff menor que por litro 1 mayor que de los Estados Unidos. Especialmente después de la firma del acuerdo sobre cooperación en asuntos ,Europa se ha auto asignado el papel de menor que N1 mayor que Sheriff menor que N1 mayor que de los Estados Unidos. Especialmente después de la firma del acuerdo sobre cooperación en asuntos penales y
es_207,phishing,ciberestafas,1.0,1.0,0.0,El segundo ejemplo se produjo en diciembre de 2001. Cuando mostré una fotografía tamaño menor que él e uno mayor que poster menor que por litro uno mayor que de una mujer torturada y la presidenta. Re,El segundo ejemplo se produjo en diciembre de 2001. Cuando mostré una fotografía tamaño menor que N1 mayor que mural menor que N1 mayor que de una mujer torturada y la presidenta reaccionó. De la mism
es_208,banners,báners,1.0,1.0,0.0,El policía francés vigilará a un carterista. El policía alemán vigilará a un menor que él e uno mayor que jonky menor que por litro uno mayor que y el policía griego se limitará a observarles.,"El policía francés vigilará a un carterista. El policía alemán vigilará a un menor que N1 mayor que drogradicto menor que, N1 mayor que y el policía griego se limitará a observarles."
es_209,in crescendo,al alza,1.0,1.0,0.0,"Entre estas denominaciones se encuentran las de menor que L1, mayor que Toni, menor que por litro 1, mayor que. Menor que L2, mayor que Ruby, menor que por litro 2, mayor que. Menor que L3, mayor que ","Entre estas denominaciones se encuentran las de menor que N1 mayor, que Toni menor, que N1 mayor, que menor, que N2 mayor, que Ruby menor, que N2 mayor, que menor, que N3 mayor, que vintage menor, que"
es_210,jemer,jemer,0.9487179487179487,0.9487179487179487,0.0,Permítanme tomar algunos ejemplos en forma de personas del sector sanitario. Del menor que el 1 mayor que Catherine menor que por litro 1 mayor que a gran escala y del metal.,Permítanme tomar algunos ejemplos en forma de personas del sector sanitario. Del menor que N1 mayor que servicio de comidas menor que N1 mayor que a gran escala y del metal.
es_211,link,enlace,0.9433962264150944,0.9433962264150944,0.0,Desde esta tribuna condenamos el menor que L1 mayor que pogromo menor que por litro 1 mayor que que continúa incluso hoy contra los luchadores. En el movimiento rural y exigimos que se le ponga fin de,"Desde esta tribuna condenamos el menor que N1 mayor que pogromo menor que, N1 mayor que que continúa incluso hoy contra los luchadores. Del movimiento rural y exigimos que se le ponga fin de inmediato"
es_212,folclore,tradición,0.90625,0.8769230769230769,0.029326923076923084,"En 1973, cuando el nieto de Winston Churchill le preguntó qué iba a ocurrir con los palestinos. Sharon contestó que no había motivo para preocuparse, que acabarían haciendo con ellos un menor que él e","En 1973, cuando el nieto de Winston Churchill le preguntó qué iba a ocurrir con los palestinos. Sharon contestó que no había motivo para preocuparse, que acabarían haciendo con ellos un menor que N1 m"
es_213,flirtear,coquetear,1.0,1.0,0.0,ha dicho usted que trabajará para protegerlas y preservarlas. Pero el trayecto del Justus Lipsius Alberleimant es algo más que el simple hecho de cruzar un. Menorque el 1 mayor que boulevar menor que ,ha dicho usted que trabajará para protegerlas y preservarlas. Pero el trayecto del Justus Lipsius Albert Leimand es algo más que el simple hecho de cruzar una. Menorque N1 mayor que avenida menor que 
es_214,hándicap,incapacidad,1.0,1.0,0.0,"Me refiero, por ejemplo, al avienal de arte, la feria del libro, el festival de menor que el 1 mayor que vale y menor que por litro, 1 mayor que o la feria de muestras de la abana.","Me refiero, por ejemplo, al avienal de arte, la feria del libro, el festival de menor que N1 mayor que danza menor que N1 mayor que o la feria de muestras de la abana."
es_215,magneto,imán,1.0,1.0,0.0,"La razón fue una menor que el 1 mayor que casete menor que por litro 1 mayor que grabada por un periodista de la televisión sueca, que le fue confiscada en la frontera.","La razón fue una menor que N1 mayor que Cinta menor que N1 mayor que grabada por un periodista de la televisión sueca, que le fue confiscada en la frontera."
es_216,kiosco,kiosko,1.0,1.0,0.0,,
es_217,freelance,autónomos,1.0,1.0,0.0,,
es_218,bad banks,bancos malos,1.0,1.0,0.0,,
es_219,ticket,vale,1.0,1.0,0.0,,
es_220,blogger,bloguero,1.0,1.0,0.0,,
es_221,pivotar,oscilar,1.0,1.0,0.0,,
es_222,coaching,asesoramiento,1.0,1.0,0.0,,
es_223,autostop,dedo,1.0,1.0,0.0,,
es_224,spyware,programa espía,1.0,1.0,0.0,,
